{
  "FullName": 0.7142857142857143,
  "Email": 0.7692307692307693,
  "DOB": 0,
  "DeviceID": 1.0,
  "Gender": 0.3333333333333333,
  "Phone": 0.6666666666666666,
  "IPAddress": 0,
  "Fingerprint": 0,
  "Location": 0.6666666666666666
}