{
  "FullName": 0.3888888888888889,
  "Email": 0.375,
  "DOB": 0.5,
  "DeviceID": 0.8888888888888888,
  "Gender": 0.3333333333333333,
  "Phone": 0.38461538461538464,
  "IPAddress": 1.0,
  "Fingerprint": 0,
  "Location": 0.5217391304347826
}