{
  "FullName": 0.4090909090909091,
  "Email": 0.3684210526315789,
  "DOB": 0.16666666666666666,
  "DeviceID": 0.9,
  "Gender": 0.3076923076923077,
  "Phone": 0.2727272727272727,
  "IPAddress": 0,
  "Fingerprint": 0,
  "Location": 0.7,
  "MedicalInfo": 0
}