{
  "FullName": 0.5492957746478874,
  "Email": 0.5094339622641509,
  "DOB": 0.25925925925925924,
  "DeviceID": 1.0,
  "Gender": 0.40625,
  "Phone": 0.5846153846153846,
  "IPAddress": 0,
  "Fingerprint": 0,
  "Location": 0.375,
  "MedicalInfo": 0
}