{
  "FullName": 0.15789473684210525,
  "Email": 0.17073170731707318,
  "DOB": 0.13043478260869565,
  "DeviceID": 0.9166666666666666,
  "Gender": 0.2222222222222222,
  "Phone": 0.16666666666666666,
  "IPAddress": 0,
  "Fingerprint": 0,
  "Location": 0.4782608695652174,
  "MedicalInfo": 0
}