{
  "FullName": 0.4583333333333333,
  "Email": 0.47619047619047616,
  "DOB": 0.16666666666666666,
  "DeviceID": 1.0,
  "Gender": 0.3,
  "Phone": 0.26666666666666666,
  "IPAddress": 1.0,
  "Fingerprint": 0,
  "Location": 0.6666666666666666
}