{
  "FullName": 0.6271186440677966,
  "Email": 0.6,
  "DOB": 0.30434782608695654,
  "DeviceID": 1.0,
  "Gender": 0.3793103448275862,
  "Phone": 0.5961538461538461,
  "IPAddress": 0,
  "Fingerprint": 0,
  "Location": 0.6521739130434783
}